"Seconds","PrivateMB","WorkingSetMB","Handles","CpuSeconds"
"0","164.2","200.75","853","1.65625"
"10","164.32","201.21","853","2.046875"
"20","164.25","201.71","853","2.265625"
"30.1","164.49","202.76","854","2.484375"
"40.1","176.39","215.97","876","2.96875"
"50.1","174.64","216.05","876","3.8125"
"60.1","174.7","217.16","874","4.25"
"70.1","171.79","212.85","877","4.421875"
"80.1","171.99","213.08","877","4.578125"
"90.2","171.87","213.01","874","4.625"
"100.2","170.21","211.12","871","4.859375"
"110.2","170.15","211.07","868","4.875"
"120.2","170.15","211.07","868","4.984375"
"130.2","170.06","211.04","866","4.984375"
"140.2","170.06","211.04","866","5"
"150.2","170.06","211.04","866","5"
"160.2","169.03","210.3","869","5.109375"
"170.3","168.98","210.27","866","5.125"
